Participant ID,Age Group,Experience,Trial Number,Condition,Target Color,Target Word,Selected Color,Reaction Time (ms),Correct,Error Type,Timestamp
P01,Teen,Yes,1,Simple,Blue,Blue,Blue,479.46,True,None,2026-09-30T01:02:04.378003
P01,Teen,Yes,2,Simple,Yellow,Yellow,Yellow,431.74,True,None,2026-09-30T01:02:07.217817
P01,Teen,Yes,3,Simple,Red,Red,Red,393.95,True,None,2026-09-30T01:02:09.322536
P01,Teen,Yes,4,Simple,Yellow,Yellow,Yellow,346.37,True,None,2026-09-30T01:02:11.202371
P01,Teen,Yes,5,Simple,Purple,Purple,Purple,444.89,True,None,2026-09-30T01:02:14.345229
P01,Teen,Yes,6,Simple,Green,Green,Green,345.97,True,None,2026-09-30T01:02:16.595358
P01,Teen,Yes,7,Simple,Red,Red,Red,327.56,True,None,2026-09-30T01:02:19.580690
P01,Teen,Yes,8,Simple,Red,Red,Red,391.38,True,None,2026-09-30T01:02:22.827017
P01,Teen,Yes,9,Simple,Red,Red,Red,434.06,True,None,2026-09-30T01:02:25.605669
P01,Teen,Yes,10,Simple,Green,Green,Green,430.05,True,None,2026-09-30T01:02:27.812150
P01,Teen,Yes,11,Stroop,Blue,Green,Blue,704.4,True,None,2026-09-30T01:02:30.401448
P01,Teen,Yes,12,Stroop,Red,Purple,Purple,451.37,False,Stroop Interference,2026-09-30T01:02:33.040729
P01,Teen,Yes,13,Stroop,Green,Yellow,Green,577.9,True,None,2026-09-30T01:02:36.454369
P01,Teen,Yes,14,Stroop,Orange,Green,Orange,841.96,True,None,2026-09-30T01:02:39.687620
P01,Teen,Yes,15,Stroop,Yellow,Blue,Yellow,808.01,True,None,2026-09-30T01:02:42.719004
P01,Teen,Yes,16,Stroop,Blue,Red,Blue,523.26,True,None,2026-09-30T01:02:45.475311
P01,Teen,Yes,17,Stroop,Yellow,Blue,Yellow,576.02,True,None,2026-09-30T01:02:48.380825
P01,Teen,Yes,18,Stroop,Blue,Yellow,Yellow,561.2,False,Stroop Interference,2026-09-30T01:02:51.079087
P01,Teen,Yes,19,Stroop,Yellow,Orange,Yellow,634.72,True,None,2026-09-30T01:02:54.184080
P01,Teen,Yes,20,Stroop,Blue,Yellow,Blue,539.25,True,None,2026-09-30T01:02:57.284199
P02,Adult,No,1,Simple,Red,Red,Red,464.49,True,None,2026-09-29T22:54:05.054589
P02,Adult,No,2,Simple,Green,Green,Green,432.78,True,None,2026-09-29T22:54:07.205090
P02,Adult,No,3,Simple,Green,Green,Green,461.61,True,None,2026-09-29T22:54:09.835417
P02,Adult,No,4,Simple,Purple,Purple,Purple,365.5,True,None,2026-09-29T22:54:12.973455
P02,Adult,No,5,Simple,Blue,Blue,Blue,451.44,True,None,2026-09-29T22:54:15.818838
P02,Adult,No,6,Simple,Blue,Blue,Blue,462.67,True,None,2026-09-29T22:54:18.060969
P02,Adult,No,7,Simple,Blue,Blue,Blue,410.93,True,None,2026-09-29T22:54:19.997345
P02,Adult,No,8,Simple,Orange,Orange,Orange,390.85,True,None,2026-09-29T22:54:21.853069
P02,Adult,No,9,Simple,Green,Green,Green,345.34,True,None,2026-09-29T22:54:25.146538
P02,Adult,No,10,Simple,Purple,Purple,Purple,460.56,True,None,2026-09-29T22:54:28.434159
P02,Adult,No,11,Stroop,Green,Red,Red,438.61,False,Stroop Interference,2026-09-29T22:54:30.327475
P02,Adult,No,12,Stroop,Yellow,Blue,Yellow,798.39,True,None,2026-09-29T22:54:33.562878
P02,Adult,No,13,Stroop,Green,Blue,Green,602.71,True,None,2026-09-29T22:54:36.419841
P02,Adult,No,14,Stroop,Orange,Purple,Orange,646.86,True,None,2026-09-29T22:54:38.282797
P02,Adult,No,15,Stroop,Red,Green,Red,637.07,True,None,2026-09-29T22:54:40.865684
P02,Adult,No,16,Stroop,Purple,Yellow,Purple,710.75,True,None,2026-09-29T22:54:43.604177
P02,Adult,No,17,Stroop,Purple,Orange,Purple,860.83,True,None,2026-09-29T22:54:45.766416
P02,Adult,No,18,Stroop,Yellow,Green,Yellow,741.04,True,None,2026-09-29T22:54:48.588799
P02,Adult,No,19,Stroop,Purple,Green,None,2000.0,False,Timeout,2026-09-29T22:54:51.102826
P02,Adult,No,20,Stroop,Green,Purple,Green,714.07,True,None,2026-09-29T22:54:54.483496
P03,Adolescence,Yes,1,Simple,Purple,Purple,Purple,488.3,True,None,2026-09-29T22:23:04.346668
P03,Adolescence,Yes,2,Simple,Yellow,Yellow,Yellow,461.5,True,None,2026-09-29T22:23:06.304029
P03,Adolescence,Yes,3,Simple,Yellow,Yellow,Yellow,373.39,True,None,2026-09-29T22:23:08.195155
P03,Adolescence,Yes,4,Simple,Red,Red,Red,393.02,True,None,2026-09-29T22:23:10.293586
P03,Adolescence,Yes,5,Simple,Red,Red,Red,369.04,True,None,2026-09-29T22:23:12.475113
P03,Adolescence,Yes,6,Simple,Purple,Purple,Purple,388.81,True,None,2026-09-29T22:23:14.671078
P03,Adolescence,Yes,7,Simple,Green,Green,Green,361.28,True,None,2026-09-29T22:23:16.841119
P03,Adolescence,Yes,8,Simple,Red,Red,Red,414.17,True,None,2026-09-29T22:23:18.728898
P03,Adolescence,Yes,9,Simple,Yellow,Yellow,Yellow,340.63,True,None,2026-09-29T22:23:21.516304
P03,Adolescence,Yes,10,Simple,Purple,Purple,Purple,329.5,True,None,2026-09-29T22:23:23.678449
P03,Adolescence,Yes,11,Stroop,Orange,Red,Orange,837.56,True,None,2026-09-29T22:23:25.960502
P03,Adolescence,Yes,12,Stroop,Yellow,Blue,Yellow,792.46,True,None,2026-09-29T22:23:29.410573
P03,Adolescence,Yes,13,Stroop,Red,Yellow,Red,801.5,True,None,2026-09-29T22:23:31.507818
P03,Adolescence,Yes,14,Stroop,Green,Orange,Green,703.01,True,None,2026-09-29T22:23:34.207324
P03,Adolescence,Yes,15,Stroop,Yellow,Green,Red,692.18,False,Wrong Color,2026-09-29T22:23:36.907591
P03,Adolescence,Yes,16,Stroop,Purple,Red,Purple,592.29,True,None,2026-09-29T22:23:40.364772
P03,Adolescence,Yes,17,Stroop,Yellow,Purple,Yellow,708.09,True,None,2026-09-29T22:23:43.029446
P03,Adolescence,Yes,18,Stroop,Blue,Yellow,Blue,646.8,True,None,2026-09-29T22:23:46.074321
P03,Adolescence,Yes,19,Stroop,Yellow,Blue,Yellow,802.46,True,None,2026-09-29T22:23:49.109343
P03,Adolescence,Yes,20,Stroop,Blue,Purple,Orange,635.63,False,Wrong Color,2026-09-29T22:23:52.207382
P04,Adult,Yes,1,Simple,Orange,Orange,Orange,451.57,True,None,2026-09-29T22:34:05.234261
P04,Adult,Yes,2,Simple,Yellow,Yellow,Yellow,382.09,True,None,2026-09-29T22:34:08.206039
P04,Adult,Yes,3,Simple,Green,Green,Green,421.67,True,None,2026-09-29T22:34:10.717012
P04,Adult,Yes,4,Simple,Yellow,Yellow,Yellow,379.29,True,None,2026-09-29T22:34:13.796908
P04,Adult,Yes,5,Simple,Red,Red,Red,330.43,True,None,2026-09-29T22:34:17.173661
P04,Adult,Yes,6,Simple,Yellow,Yellow,Yellow,334.22,True,None,2026-09-29T22:34:19.636436
P04,Adult,Yes,7,Simple,Yellow,Yellow,Yellow,415.41,True,None,2026-09-29T22:34:22.231524
P04,Adult,Yes,8,Simple,Purple,Purple,Purple,284.1,True,None,2026-09-29T22:34:24.434630
P04,Adult,Yes,9,Simple,Green,Green,Green,325.83,True,None,2026-09-29T22:34:26.626577
P04,Adult,Yes,10,Simple,Purple,Purple,Purple,302.68,True,None,2026-09-29T22:34:29.818321
P04,Adult,Yes,11,Stroop,Red,Yellow,Red,633.89,True,None,2026-09-29T22:34:31.964550
P04,Adult,Yes,12,Stroop,Blue,Orange,Blue,682.94,True,None,2026-09-29T22:34:34.796992
P04,Adult,Yes,13,Stroop,Blue,Orange,Blue,727.37,True,None,2026-09-29T22:34:37.899307
P04,Adult,Yes,14,Stroop,Yellow,Green,Yellow,776.55,True,None,2026-09-29T22:34:41.328566
P04,Adult,Yes,15,Stroop,Blue,Green,Blue,739.16,True,None,2026-09-29T22:34:43.710170
P04,Adult,Yes,16,Stroop,Purple,Green,Purple,655.17,True,None,2026-09-29T22:34:45.567734
P04,Adult,Yes,17,Stroop,Yellow,Blue,Yellow,639.25,True,None,2026-09-29T22:34:48.090059
P04,Adult,Yes,18,Stroop,Orange,Blue,Orange,693.96,True,None,2026-09-29T22:34:50.371460
P04,Adult,Yes,19,Stroop,Green,Red,Green,608.71,True,None,2026-09-29T22:34:53.729738
P04,Adult,Yes,20,Stroop,Orange,Red,Orange,780.12,True,None,2026-09-29T22:34:56.634423
P05,Teen,No,1,Simple,Orange,Orange,Orange,408.29,True,None,2026-09-30T01:40:05.341874
P05,Teen,No,2,Simple,Green,Green,Green,494.44,True,None,2026-09-30T01:40:07.787028
P05,Teen,No,3,Simple,Orange,Orange,Orange,463.14,True,None,2026-09-30T01:40:10.620849
P05,Teen,No,4,Simple,Purple,Purple,Purple,372.44,True,None,2026-09-30T01:40:13.326504
P05,Teen,No,5,Simple,Orange,Orange,Orange,437.5,True,None,2026-09-30T01:40:15.321115
P05,Teen,No,6,Simple,Green,Green,Green,474.18,True,None,2026-09-30T01:40:18.502652
P05,Teen,No,7,Simple,Yellow,Yellow,Yellow,374.55,True,None,2026-09-30T01:40:21.373142
P05,Teen,No,8,Simple,Blue,Blue,Blue,372.86,True,None,2026-09-30T01:40:23.326159
P05,Teen,No,9,Simple,Green,Green,Green,428.88,True,None,2026-09-30T01:40:26.573581
P05,Teen,No,10,Simple,Orange,Orange,Orange,328.14,True,None,2026-09-30T01:40:28.929077
P05,Teen,No,11,Stroop,Red,Green,Red,591.41,True,None,2026-09-30T01:40:32.121541
P05,Teen,No,12,Stroop,Purple,Green,Purple,820.61,True,None,2026-09-30T01:40:35.315500
P05,Teen,No,13,Stroop,Blue,Red,Blue,572.37,True,None,2026-09-30T01:40:38.423061
P05,Teen,No,14,Stroop,Red,Green,Red,575.81,True,None,2026-09-30T01:40:41.030744
P05,Teen,No,15,Stroop,Green,Red,Green,565.55,True,None,2026-09-30T01:40:44.499822
P05,Teen,No,16,Stroop,Yellow,Red,Yellow,691.53,True,None,2026-09-30T01:40:46.897489
P05,Teen,No,17,Stroop,Blue,Red,Blue,799.69,True,None,2026-09-30T01:40:48.698099
P05,Teen,No,18,Stroop,Blue,Purple,Blue,575.12,True,None,2026-09-30T01:40:51.164530
P05,Teen,No,19,Stroop,Blue,Yellow,Blue,539.05,True,None,2026-09-30T01:40:53.791010
P05,Teen,No,20,Stroop,Blue,Orange,Blue,592.66,True,None,2026-09-30T01:40:55.809271
P06,Adolescence,No,1,Simple,Purple,Purple,Purple,507.12,True,None,2026-09-30T00:28:04.591862
P06,Adolescence,No,2,Simple,Yellow,Yellow,Yellow,479.26,True,None,2026-09-30T00:28:06.624997
P06,Adolescence,No,3,Simple,Purple,Purple,Purple,411.01,True,None,2026-09-30T00:28:09.474944
P06,Adolescence,No,4,Simple,Orange,Orange,Orange,463.34,True,None,2026-09-30T00:28:12.404983
P06,Adolescence,No,5,Simple,Red,Red,Red,442.97,True,None,2026-09-30T00:28:15.002242
P06,Adolescence,No,6,Simple,Orange,Orange,Orange,370.93,True,None,2026-09-30T00:28:17.185574
P06,Adolescence,No,7,Simple,Orange,Orange,Orange,404.77,True,None,2026-09-30T00:28:20.426132
P06,Adolescence,No,8,Simple,Purple,Purple,Purple,397.3,True,None,2026-09-30T00:28:22.693843
P06,Adolescence,No,9,Simple,Green,Green,Green,382.89,True,None,2026-09-30T00:28:24.794829
P06,Adolescence,No,10,Simple,Orange,Orange,Orange,425.94,True,None,2026-09-30T00:28:27.969848
P06,Adolescence,No,11,Stroop,Blue,Purple,Yellow,760.97,False,Wrong Color,2026-09-30T00:28:30.913300
P06,Adolescence,No,12,Stroop,Orange,Purple,Orange,871.49,True,None,2026-09-30T00:28:34.357030
P06,Adolescence,No,13,Stroop,Green,Blue,None,2000.0,False,Timeout,2026-09-30T00:28:36.578372
P06,Adolescence,No,14,Stroop,Blue,Yellow,Blue,804.43,True,None,2026-09-30T00:28:38.460736
P06,Adolescence,No,15,Stroop,Green,Purple,Green,838.34,True,None,2026-09-30T00:28:41.108470
P06,Adolescence,No,16,Stroop,Yellow,Blue,Yellow,798.53,True,None,2026-09-30T00:28:43.853859
P06,Adolescence,No,17,Stroop,Yellow,Green,Yellow,713.14,True,None,2026-09-30T00:28:46.548936
P06,Adolescence,No,18,Stroop,Purple,Orange,None,2000.0,False,Timeout,2026-09-30T00:28:49.360890
P06,Adolescence,No,19,Stroop,Blue,Green,Blue,767.69,True,None,2026-09-30T00:28:52.794017
P06,Adolescence,No,20,Stroop,Yellow,Purple,Yellow,732.22,True,None,2026-09-30T00:28:55.936584
P07,Adult,No,1,Simple,Blue,Blue,Blue,435.17,True,None,2026-09-29T23:02:04.974604
P07,Adult,No,2,Simple,Yellow,Yellow,Yellow,429.98,True,None,2026-09-29T23:02:08.176437
P07,Adult,No,3,Simple,Orange,Orange,Orange,444.41,True,None,2026-09-29T23:02:10.929103
P07,Adult,No,4,Simple,Purple,Purple,Purple,421.14,True,None,2026-09-29T23:02:13.942780
P07,Adult,No,5,Simple,Purple,Purple,Purple,413.55,True,None,2026-09-29T23:02:16.781917
P07,Adult,No,6,Simple,Red,Red,Red,456.78,True,None,2026-09-29T23:02:19.958556
P07,Adult,No,7,Simple,Red,Red,Red,449.94,True,None,2026-09-29T23:02:23.169038
P07,Adult,No,8,Simple,Purple,Purple,Purple,433.56,True,None,2026-09-29T23:02:25.753820
P07,Adult,No,9,Simple,Purple,Purple,Purple,392.05,True,None,2026-09-29T23:02:27.897770
P07,Adult,No,10,Simple,Purple,Purple,Purple,414.07,True,None,2026-09-29T23:02:31.319529
P07,Adult,No,11,Stroop,Yellow,Blue,None,2000.0,False,Timeout,2026-09-29T23:02:34.080324
P07,Adult,No,12,Stroop,Red,Yellow,Red,680.71,True,None,2026-09-29T23:02:35.979589
P07,Adult,No,13,Stroop,Yellow,Purple,Yellow,567.37,True,None,2026-09-29T23:02:38.454958
P07,Adult,No,14,Stroop,Green,Orange,Orange,438.44,False,Stroop Interference,2026-09-29T23:02:41.355681
P07,Adult,No,15,Stroop,Yellow,Orange,Yellow,742.5,True,None,2026-09-29T23:02:44.406395
P07,Adult,No,16,Stroop,Orange,Green,Orange,675.89,True,None,2026-09-29T23:02:47.182395
P07,Adult,No,17,Stroop,Blue,Orange,Blue,673.77,True,None,2026-09-29T23:02:50.382857
P07,Adult,No,18,Stroop,Red,Green,Red,553.26,True,None,2026-09-29T23:02:53.719102
P07,Adult,No,19,Stroop,Yellow,Blue,None,2000.0,False,Timeout,2026-09-29T23:02:56.319947
P07,Adult,No,20,Stroop,Orange,Red,Orange,502.3,True,None,2026-09-29T23:02:58.513389
P08,Teen,Yes,1,Simple,Purple,Purple,Purple,337.91,True,None,2026-09-30T00:27:04.279468
P08,Teen,Yes,2,Simple,Red,Red,Red,363.45,True,None,2026-09-30T00:27:07.140927
P08,Teen,Yes,3,Simple,Yellow,Yellow,Yellow,422.44,True,None,2026-09-30T00:27:09.311853
P08,Teen,Yes,4,Simple,Orange,Orange,Orange,441.6,True,None,2026-09-30T00:27:12.452330
P08,Teen,Yes,5,Simple,Red,Red,Red,411.26,True,None,2026-09-30T00:27:14.959482
P08,Teen,Yes,6,Simple,Red,Red,Red,336.9,True,None,2026-09-30T00:27:17.348586
P08,Teen,Yes,7,Simple,Orange,Orange,Orange,439.86,True,None,2026-09-30T00:27:20.578942
P08,Teen,Yes,8,Simple,Purple,Purple,Purple,314.02,True,None,2026-09-30T00:27:23.131115
P08,Teen,Yes,9,Simple,Blue,Blue,Blue,324.31,True,None,2026-09-30T00:27:26.113916
P08,Teen,Yes,10,Simple,Yellow,Yellow,Yellow,360.72,True,None,2026-09-30T00:27:28.312396
P08,Teen,Yes,11,Stroop,Blue,Purple,Blue,622.2,True,None,2026-09-30T00:27:30.617866
P08,Teen,Yes,12,Stroop,Red,Orange,Red,832.32,True,None,2026-09-30T00:27:33.865180
P08,Teen,Yes,13,Stroop,Green,Red,Red,542.37,False,Stroop Interference,2026-09-30T00:27:36.829144
P08,Teen,Yes,14,Stroop,Red,Purple,Red,568.56,True,None,2026-09-30T00:27:39.229761
P08,Teen,Yes,15,Stroop,Red,Purple,Red,715.62,True,None,2026-09-30T00:27:41.506920
P08,Teen,Yes,16,Stroop,Orange,Purple,Orange,781.28,True,None,2026-09-30T00:27:44.546654
P08,Teen,Yes,17,Stroop,Yellow,Red,Yellow,714.62,True,None,2026-09-30T00:27:46.617650
P08,Teen,Yes,18,Stroop,Green,Purple,Green,606.35,True,None,2026-09-30T00:27:49.790487
P08,Teen,Yes,19,Stroop,Purple,Yellow,Purple,626.11,True,None,2026-09-30T00:27:52.737288
P08,Teen,Yes,20,Stroop,Red,Purple,Red,490.08,True,None,2026-09-30T00:27:54.839329
P09,Adolescence,Yes,1,Simple,Blue,Blue,Blue,431.17,True,None,2026-09-30T01:47:04.517117
P09,Adolescence,Yes,2,Simple,Green,Green,Green,376.17,True,None,2026-09-30T01:47:07.331685
P09,Adolescence,Yes,3,Simple,Yellow,Yellow,Yellow,466.42,True,None,2026-09-30T01:47:10.229564
P09,Adolescence,Yes,4,Simple,Orange,Orange,Orange,442.13,True,None,2026-09-30T01:47:13.641691
P09,Adolescence,Yes,5,Simple,Blue,Blue,Blue,339.49,True,None,2026-09-30T01:47:15.692748
P09,Adolescence,Yes,6,Simple,Green,Green,Green,368.97,True,None,2026-09-30T01:47:18.084557
P09,Adolescence,Yes,7,Simple,Red,Red,Red,422.38,True,None,2026-09-30T01:47:20.753655
P09,Adolescence,Yes,8,Simple,Blue,Blue,Blue,324.47,True,None,2026-09-30T01:47:22.757500
P09,Adolescence,Yes,9,Simple,Orange,Orange,Orange,421.03,True,None,2026-09-30T01:47:24.772365
P09,Adolescence,Yes,10,Simple,Blue,Blue,Blue,434.97,True,None,2026-09-30T01:47:27.333519
P09,Adolescence,Yes,11,Stroop,Purple,Orange,Orange,630.54,False,Stroop Interference,2026-09-30T01:47:30.333685
P09,Adolescence,Yes,12,Stroop,Yellow,Purple,Purple,712.5,False,Stroop Interference,2026-09-30T01:47:32.680042
P09,Adolescence,Yes,13,Stroop,Purple,Yellow,Purple,852.61,True,None,2026-09-30T01:47:35.688982
P09,Adolescence,Yes,14,Stroop,Red,Orange,Red,723.16,True,None,2026-09-30T01:47:37.743837
P09,Adolescence,Yes,15,Stroop,Blue,Red,Blue,634.72,True,None,2026-09-30T01:47:39.743864
P09,Adolescence,Yes,16,Stroop,Red,Green,Red,804.56,True,None,2026-09-30T01:47:42.042912
P09,Adolescence,Yes,17,Stroop,Purple,Blue,Purple,826.17,True,None,2026-09-30T01:47:45.060980
P09,Adolescence,Yes,18,Stroop,Purple,Red,Purple,527.92,True,None,2026-09-30T01:47:46.926921
P09,Adolescence,Yes,19,Stroop,Purple,Yellow,Purple,800.68,True,None,2026-09-30T01:47:49.721584
P09,Adolescence,Yes,20,Stroop,Red,Purple,Purple,498.64,False,Stroop Interference,2026-09-30T01:47:52.219142
P10,Adult,Yes,1,Simple,Blue,Blue,Blue,375.41,True,None,2026-09-30T01:24:03.927117
P10,Adult,Yes,2,Simple,Green,Green,Green,319.12,True,None,2026-09-30T01:24:06.379219
P10,Adult,Yes,3,Simple,Yellow,Yellow,Yellow,452.42,True,None,2026-09-30T01:24:08.741706
P10,Adult,Yes,4,Simple,Yellow,Yellow,Yellow,385.39,True,None,2026-09-30T01:24:11.510430
P10,Adult,Yes,5,Simple,Blue,Blue,Blue,306.46,True,None,2026-09-30T01:24:14.762583
P10,Adult,Yes,6,Simple,Red,Red,Red,361.56,True,None,2026-09-30T01:24:16.681536
P10,Adult,Yes,7,Simple,Red,Red,Red,304.7,True,None,2026-09-30T01:24:18.906905
P10,Adult,Yes,8,Simple,Yellow,Yellow,Yellow,421.96,True,None,2026-09-30T01:24:22.100120
P10,Adult,Yes,9,Simple,Orange,Orange,Orange,422.44,True,None,2026-09-30T01:24:24.619884
P10,Adult,Yes,10,Simple,Red,Red,Red,385.32,True,None,2026-09-30T01:24:27.221433
P10,Adult,Yes,11,Stroop,Yellow,Purple,Yellow,709.32,True,None,2026-09-30T01:24:29.696274
P10,Adult,Yes,12,Stroop,Yellow,Purple,Purple,681.59,False,Stroop Interference,2026-09-30T01:24:32.973879
P10,Adult,Yes,13,Stroop,Purple,Blue,Purple,813.17,True,None,2026-09-30T01:24:35.197588
P10,Adult,Yes,14,Stroop,Orange,Red,Orange,623.42,True,None,2026-09-30T01:24:37.428380
P10,Adult,Yes,15,Stroop,Green,Blue,Green,729.39,True,None,2026-09-30T01:24:39.335954
P10,Adult,Yes,16,Stroop,Purple,Orange,Green,654.61,False,Wrong Color,2026-09-30T01:24:41.957816
P10,Adult,Yes,17,Stroop,Red,Purple,Blue,709.09,False,Wrong Color,2026-09-30T01:24:44.626922
P10,Adult,Yes,18,Stroop,Purple,Blue,Purple,783.65,True,None,2026-09-30T01:24:47.587963
P10,Adult,Yes,19,Stroop,Yellow,Orange,Yellow,552.83,True,None,2026-09-30T01:24:49.739120
P10,Adult,Yes,20,Stroop,Purple,Orange,Purple,626.57,True,None,2026-09-30T01:24:52.371533
