Participant ID,Age Group,Experience,Condition,Mean RT,Median RT,Fastest RT,Slowest RT,SD RT,Accuracy (%),Error Count
P01,Teen,Yes,Simple,402.54,412.0,327.56,479.46,49.99,100.0,0
P01,Teen,Yes,Stroop,650.69,606.31,523.26,841.96,121.89,80.0,2
P02,Adult,No,Simple,424.62,442.11,345.34,464.49,44.21,100.0,0
P02,Adult,No,Stroop,713.97,712.41,602.71,860.83,86.38,80.0,2
P03,Adolescence,Yes,Simple,391.96,381.1,329.5,488.3,50.52,100.0,0
P03,Adolescence,Yes,Stroop,735.52,750.28,592.29,837.56,86.75,80.0,2
P04,Adult,Yes,Simple,362.73,356.75,284.1,451.57,55.57,100.0,0
P04,Adult,Yes,Stroop,693.71,688.45,608.71,780.12,60.46,100.0,0
P05,Teen,No,Simple,415.44,418.59,328.14,494.44,53.38,100.0,0
P05,Teen,No,Stroop,632.38,583.61,539.05,820.61,101.89,100.0,0
P06,Adolescence,No,Simple,428.55,418.48,370.93,507.12,44.0,100.0,0
P06,Adolescence,No,Stroop,789.41,798.53,713.14,871.49,56.27,70.0,3
P07,Adult,No,Simple,429.06,431.77,392.05,456.78,19.43,100.0,0
P07,Adult,No,Stroop,627.97,673.77,502.3,742.5,86.93,70.0,3
P08,Teen,Yes,Simple,375.25,362.09,314.02,441.6,49.06,100.0,0
P08,Teen,Yes,Stroop,661.9,626.11,490.08,832.32,107.9,90.0,1
P09,Adolescence,Yes,Simple,402.72,421.7,324.47,466.42,47.31,100.0,0
P09,Adolescence,Yes,Stroop,738.55,800.68,527.92,852.61,118.52,70.0,3
P10,Adult,Yes,Simple,373.48,380.37,304.7,452.42,51.19,100.0,0
P10,Adult,Yes,Stroop,691.19,709.32,552.83,813.17,94.1,70.0,3
